amount,amount_log,hour,day_of_week,is_weekend,is_night,merchant_category_encoded,has_location,is_high_amount,is_round_amount,transaction_id,user_id,label
430.42,6.067082093566571,21,4,0,0,1,1,0,0,txn_0,user_0,legitimate
292.26,5.681059587548933,7,5,1,0,2,1,0,0,txn_1,user_1,legitimate
306.46,5.728344997484453,11,2,0,0,1,1,0,0,txn_2,user_2,legitimate
4019.31,8.299114293067763,7,5,1,0,5,1,1,0,txn_3,user_3,fraud
132.75,4.8959723857761155,17,5,1,0,1,1,0,0,txn_4,user_4,legitimate
490.71,6.197889111815318,23,3,0,1,1,1,0,0,txn_5,user_5,legitimate
1536.68,7.3380300659988755,16,4,0,0,6,1,1,0,txn_6,user_6,fraud
417.27,6.036127157014171,13,5,1,0,3,1,0,0,txn_7,user_7,legitimate
489.02,6.194446206598239,2,0,0,1,2,1,0,0,txn_8,user_8,legitimate
370.47,5.917468107195847,22,1,0,0,1,1,0,0,txn_9,user_9,legitimate
366.51,5.906750529167035,12,4,0,0,3,1,0,0,txn_10,user_10,legitimate
4121.22,8.324147132175604,2,3,0,1,6,1,1,0,txn_11,user_11,fraud
136.22,4.921585477262745,11,6,1,0,3,1,0,0,txn_12,user_12,legitimate
461.0,6.135564891081739,19,6,1,0,3,1,0,0,txn_13,user_13,legitimate
205.58,5.330687746578487,17,5,1,0,3,1,0,0,txn_14,user_14,legitimate
14.4,2.7343675094195836,12,4,0,0,1,1,0,0,txn_15,user_15,legitimate
298.0,5.700443573390687,12,2,0,0,3,1,0,0,txn_16,user_16,legitimate
372.65,5.923319530376299,23,1,0,1,2,1,0,0,txn_17,user_17,legitimate
375.19,5.930094334908104,23,6,1,1,1,1,0,0,txn_18,user_18,legitimate
21.68,3.121483478859551,6,6,1,0,3,1,0,0,txn_19,user_19,legitimate
328.45,5.797424597359829,19,2,0,0,3,1,0,0,txn_20,user_20,legitimate
1130.35,7.031166888897337,21,6,1,0,5,1,1,0,txn_21,user_21,fraud
317.55,5.763779448562497,18,6,1,0,3,1,0,0,txn_22,user_22,legitimate
470.63,6.156194779871532,16,5,1,0,1,1,0,0,txn_23,user_23,legitimate
129.5,4.871373226762748,20,2,0,0,2,1,0,0,txn_24,user_24,legitimate
445.02,6.100363794063972,10,1,0,0,1,1,0,0,txn_25,user_25,legitimate
442.73,6.095216269351388,2,2,0,1,3,1,0,0,txn_26,user_26,legitimate
284.91,5.6556770759813535,12,4,0,0,1,1,0,0,txn_27,user_27,legitimate
68.9,4.247065649239764,20,6,1,0,1,1,0,0,txn_28,user_28,legitimate
204.57,5.325786608537582,0,6,1,1,1,1,0,0,txn_29,user_29,legitimate
90.05,4.511408806173617,13,4,0,0,3,1,0,0,txn_30,user_30,legitimate
381.76,5.9474081609110625,1,5,1,1,2,1,0,0,txn_31,user_31,legitimate
357.77,5.882681514648826,19,2,0,0,3,1,0,0,txn_32,user_32,legitimate
35.82,3.6060411758049318,9,3,0,0,2,1,0,0,txn_33,user_33,legitimate
155.18,5.051009188234529,4,4,0,1,1,1,0,0,txn_34,user_34,legitimate
288.02,5.666495889870184,9,5,1,0,2,1,0,0,txn_35,user_35,legitimate
93.2,4.545420181582317,18,4,0,0,2,1,0,0,txn_36,user_36,legitimate
130.5,4.879006851617819,10,1,0,0,3,1,0,0,txn_37,user_37,legitimate
453.7,6.119637860830965,9,3,0,0,1,1,0,0,txn_38,user_38,legitimate
155.91,5.055672392570977,7,1,0,0,2,1,0,0,txn_39,user_39,legitimate
1075.66,6.981618935578958,4,0,0,1,4,1,1,0,txn_40,user_40,fraud
357.71,5.8825142625995985,11,1,0,0,1,1,0,0,txn_41,user_41,legitimate
1405.74,7.249030249704507,2,5,1,1,5,1,1,0,txn_42,user_42,fraud
252.07,5.533666130300609,12,4,0,0,3,1,0,0,txn_43,user_43,legitimate
125.15,4.837471675087067,23,4,0,1,1,1,0,0,txn_44,user_44,legitimate
419.1,6.040492778175336,12,0,0,0,2,1,0,0,txn_45,user_45,legitimate
2458.55,7.807733685363988,7,2,0,0,6,1,1,0,txn_46,user_46,fraud
120.56,4.800407968048592,18,4,0,0,3,1,0,0,txn_47,user_47,legitimate
35.52,3.597860055726768,19,1,0,0,1,1,0,0,txn_48,user_48,legitimate
226.01,5.42499406937454,20,1,0,0,2,1,0,0,txn_49,user_49,legitimate
156.32,5.058281947563609,11,4,0,0,1,1,0,0,txn_50,user_50,legitimate
3508.76,8.163302938053786,20,6,1,0,6,1,1,0,txn_51,user_51,fraud
130.34,4.8777893807628265,18,3,0,0,2,1,0,0,txn_52,user_52,legitimate
184.46,5.22283922537208,8,6,1,0,1,1,0,0,txn_53,user_53,legitimate
120.6,4.800736969532067,0,1,0,1,1,1,0,0,txn_54,user_54,legitimate
84.91,4.453300236649965,9,4,0,0,1,1,0,0,txn_55,user_55,legitimate
336.33,5.8210616797075545,11,5,1,0,3,1,0,0,txn_56,user_56,legitimate
70.71,4.272630207894483,12,0,0,0,3,1,0,0,txn_57,user_57,legitimate
14.16,2.7186603802142257,1,5,1,1,3,1,0,0,txn_58,user_58,legitimate
440.61,6.09042713963403,6,5,1,0,1,1,0,0,txn_59,user_59,legitimate
66.14,4.206779991551889,5,5,1,1,1,1,0,0,txn_60,user_60,legitimate
343.99,5.843515431104025,19,4,0,0,2,1,0,0,txn_61,user_61,legitimate
395.37,5.9823481184617,5,5,1,1,2,1,0,0,txn_62,user_62,legitimate
452.28,6.1165100360822064,13,1,0,0,2,1,0,0,txn_63,user_63,legitimate
296.75,5.696254208235409,11,5,1,0,1,1,0,0,txn_64,user_64,legitimate
451.22,6.114168787083433,9,2,0,0,2,1,0,0,txn_65,user_65,legitimate
24.46,3.2371085931292605,12,5,1,0,2,1,0,0,txn_66,user_66,legitimate
202.13,5.3138461681656635,10,0,0,0,1,1,0,0,txn_67,user_67,legitimate
262.97,5.575835460325579,18,3,0,0,3,1,0,0,txn_68,user_68,legitimate
404.29,6.00460286024821,6,5,1,0,2,1,0,0,txn_69,user_69,legitimate
198.33,5.2949617427346745,7,3,0,0,1,1,0,0,txn_70,user_70,legitimate
309.04,5.736701321413311,20,2,0,0,1,1,0,0,txn_71,user_71,legitimate
468.01,6.15062409018059,7,5,1,0,2,1,0,0,txn_72,user_72,legitimate
104.91,4.6625896768555775,18,3,0,0,1,1,0,0,txn_73,user_73,legitimate
185.9,5.230573714461517,15,4,0,0,1,1,0,0,txn_74,user_74,legitimate
41.46,3.74856245627511,9,3,0,0,1,1,0,0,txn_75,user_75,legitimate
160.32,5.083389970005167,10,2,0,0,3,1,0,0,txn_76,user_76,legitimate
80.22,4.397161522258152,17,3,0,0,1,1,0,0,txn_77,user_77,legitimate
45.43,3.8379458020318302,16,5,1,0,3,1,0,0,txn_78,user_78,legitimate
71.56,4.2844138058068815,19,2,0,0,1,1,0,0,txn_79,user_79,legitimate
171.55,5.150687049544013,16,0,0,0,1,1,0,0,txn_80,user_80,legitimate
237.47,5.474243516253131,1,6,1,1,3,1,0,0,txn_81,user_81,legitimate
3302.82,8.102834653737926,4,3,0,1,5,1,1,0,txn_82,user_82,fraud
149.88,5.016484818885147,7,4,0,0,2,1,0,0,txn_83,user_83,legitimate
98.87,4.603869340255043,9,0,0,0,3,1,0,0,txn_84,user_84,legitimate
2169.64,7.68277733392652,0,0,0,1,5,1,1,0,txn_85,user_85,fraud
469.86,6.154560809916804,20,0,0,0,1,1,0,0,txn_86,user_86,legitimate
361.16,5.892086103127704,5,6,1,1,1,1,0,0,txn_87,user_87,legitimate
172.58,5.156638588216099,22,1,0,0,2,1,0,0,txn_88,user_88,legitimate
175.95,5.175867206791472,19,3,0,0,1,1,0,0,txn_89,user_89,legitimate
171.53,5.150571134393773,14,1,0,0,2,1,0,0,txn_90,user_90,legitimate
4090.24,8.316603381571646,17,0,0,0,5,1,1,0,txn_91,user_91,fraud
172.82,5.158020281009314,14,1,0,0,2,1,0,0,txn_92,user_92,legitimate
302.48,5.715315710469874,15,3,0,0,2,1,0,0,txn_93,user_93,legitimate
396.68,5.985647661786417,15,5,1,0,2,1,0,0,txn_94,user_94,legitimate
169.73,5.140083361283142,23,3,0,1,3,1,0,0,txn_95,user_95,legitimate
257.97,5.5567122248748815,11,0,0,0,3,1,0,0,txn_96,user_96,legitimate
467.65,6.149856221192495,11,4,0,0,1,1,0,0,txn_97,user_97,legitimate
478.79,6.173348508170889,8,4,0,0,1,1,0,0,txn_98,user_98,legitimate
434.15,6.075690799235523,21,0,0,0,1,1,0,0,txn_99,user_99,legitimate
105.55,4.668614358544626,15,0,0,0,1,1,0,0,txn_100,user_0,legitimate
217.62,5.38733506286569,6,4,0,0,3,1,0,0,txn_101,user_1,legitimate
1182.29,7.076053973412524,7,0,0,0,4,1,1,0,txn_102,user_2,fraud
41.21,3.7426571597944074,17,1,0,0,3,1,0,0,txn_103,user_3,legitimate
308.87,5.736152854686652,19,4,0,0,3,1,0,0,txn_104,user_4,legitimate
317.12,5.7624286700889344,14,0,0,0,1,1,0,0,txn_105,user_5,legitimate
183.96,5.220139585484013,22,6,1,0,3,1,0,0,txn_106,user_6,legitimate
172.33,5.155197291953219,15,0,0,0,3,1,0,0,txn_107,user_7,legitimate
407.86,6.013372799156862,7,4,0,0,1,1,0,0,txn_108,user_8,legitimate
89.78,4.508438997028319,16,5,1,0,3,1,0,0,txn_109,user_9,legitimate
120.9,4.803201036487226,22,3,0,0,2,1,0,0,txn_110,user_10,legitimate
2322.59,7.750868682442393,22,1,0,0,5,1,1,0,txn_111,user_11,fraud
147.92,5.003409249004516,10,6,1,0,1,1,0,0,txn_112,user_12,legitimate
227.12,5.429871806288338,14,4,0,0,2,1,0,0,txn_113,user_13,legitimate
492.67,6.201867277771356,16,1,0,0,3,1,0,0,txn_114,user_14,legitimate
351.99,5.866439727920136,18,1,0,0,2,1,0,0,txn_115,user_15,legitimate
488.14,6.192648747067764,22,2,0,0,2,1,0,0,txn_116,user_16,legitimate
436.46,6.080985273046394,7,6,1,0,3,1,0,0,txn_117,user_17,legitimate
149.55,5.014295254927743,2,5,1,1,2,1,0,0,txn_118,user_18,legitimate
101.65,4.6313251434649425,6,6,1,0,2,1,0,0,txn_119,user_19,legitimate
127.19,4.8535135383240435,15,1,0,0,1,1,0,0,txn_120,user_20,legitimate
55.85,4.040416220196545,13,2,0,0,3,1,0,0,txn_121,user_21,legitimate
246.61,5.511854927717011,15,5,1,0,1,1,0,0,txn_122,user_22,legitimate
21.54,3.11529150861163,21,4,0,0,1,1,0,0,txn_123,user_23,legitimate
4510.04,8.414283004582561,0,1,0,1,5,1,1,0,txn_124,user_24,fraud
1528.87,7.332938043456292,6,3,0,0,6,1,1,0,txn_125,user_25,fraud
111.81,4.725704987616829,7,6,1,0,1,1,0,0,txn_126,user_26,legitimate
473.87,6.163041082365757,9,0,0,0,1,1,0,0,txn_127,user_27,legitimate
279.23,5.6356106945528675,10,5,1,0,2,1,0,0,txn_128,user_28,legitimate
195.83,5.282340412024896,7,5,1,0,2,1,0,0,txn_129,user_29,legitimate
153.41,5.039611402332773,11,3,0,0,3,1,0,0,txn_130,user_30,legitimate
394.47,5.980074930980508,21,4,0,0,1,1,0,0,txn_131,user_31,legitimate
98.5,4.600157644164547,18,6,1,0,1,1,0,0,txn_132,user_32,legitimate
231.94,5.4507809096745055,15,2,0,0,2,1,0,0,txn_133,user_33,legitimate
44.45,3.816612820623488,14,1,0,0,2,1,0,0,txn_134,user_34,legitimate
453.02,6.118141249934485,17,1,0,0,3,1,0,0,txn_135,user_35,legitimate
106.1,4.673762977453703,22,2,0,0,2,1,0,0,txn_136,user_36,legitimate
77.59,4.364244464878084,16,5,1,0,3,1,0,0,txn_137,user_37,legitimate
282.53,5.647317937675075,13,0,0,0,1,1,0,0,txn_138,user_38,legitimate
498.7,6.214007918350159,10,4,0,0,3,1,0,0,txn_139,user_39,legitimate
1417.55,7.257390502129631,11,2,0,0,4,1,1,0,txn_140,user_40,fraud
403.1,6.001662372084428,17,4,0,0,3,1,0,0,txn_141,user_41,legitimate
185.87,5.230413187934164,20,6,1,0,1,1,0,0,txn_142,user_42,legitimate
295.14,5.690832315480573,15,2,0,0,3,1,0,0,txn_143,user_43,legitimate
425.94,6.056643488132953,18,3,0,0,3,1,0,0,txn_144,user_44,legitimate
37.63,3.65402917667819,23,5,1,1,3,1,0,0,txn_145,user_45,legitimate
305.63,5.725641809009095,10,4,0,0,1,1,0,0,txn_146,user_46,legitimate
262.82,5.575267052420774,18,5,1,0,1,1,0,0,txn_147,user_47,legitimate
402.0,5.998936561946683,16,1,0,0,2,1,0,0,txn_148,user_48,legitimate
69.59,4.256888491407381,10,1,0,0,2,1,0,0,txn_149,user_49,legitimate
16.15,2.8419981736119486,7,3,0,0,3,1,0,0,txn_150,user_50,legitimate
44.52,3.8181517898180757,21,0,0,0,2,1,0,0,txn_151,user_51,legitimate
65.08,4.190866129212723,3,4,0,1,3,1,0,0,txn_152,user_52,legitimate
479.78,6.175409785018034,8,6,1,0,1,1,0,0,txn_153,user_53,legitimate
23.78,3.2100368762009963,21,5,1,0,1,1,0,0,txn_154,user_54,legitimate
326.76,5.792281633238615,20,2,0,0,2,1,0,0,txn_155,user_55,legitimate
343.81,5.842993540689164,15,2,0,0,1,1,0,0,txn_156,user_56,legitimate
311.05,5.743163431380052,8,0,0,0,3,1,0,0,txn_157,user_57,legitimate
484.67,6.185529380921524,4,3,0,1,3,1,0,0,txn_158,user_58,legitimate
342.63,5.839565497125275,13,4,0,0,3,1,0,0,txn_159,user_59,legitimate
1024.52,6.932955080003879,19,3,0,0,6,1,1,0,txn_160,user_60,fraud
451.26,6.114257235694848,13,5,1,0,2,1,0,0,txn_161,user_61,legitimate
30.87,3.461665128429245,3,2,0,1,2,1,0,0,txn_162,user_62,legitimate
2719.18,7.908453333571065,0,0,0,1,6,1,1,0,txn_163,user_63,fraud
121.04,4.804348859848469,7,2,0,0,3,1,0,0,txn_164,user_64,legitimate
280.85,5.6413750145275845,16,4,0,0,2,1,0,0,txn_165,user_65,legitimate
319.58,5.770131855197735,8,2,0,0,3,1,0,0,txn_166,user_66,legitimate
35.66,3.6016862424115588,10,0,0,0,1,1,0,0,txn_167,user_67,legitimate
177.19,5.182850396739323,9,5,1,0,1,1,0,0,txn_168,user_68,legitimate
17.19,2.900871992530031,19,6,1,0,2,1,0,0,txn_169,user_69,legitimate
15.69,2.8148097376737438,15,0,0,0,3,1,0,0,txn_170,user_70,legitimate
68.85,4.246350085702971,22,3,0,0,3,1,0,0,txn_171,user_71,legitimate
456.98,6.126825515038434,11,5,1,0,1,1,0,0,txn_172,user_72,legitimate
172.42,5.155716397949014,9,5,1,0,3,1,0,0,txn_173,user_73,legitimate
428.65,6.062970923759232,14,5,1,0,1,1,0,0,txn_174,user_74,legitimate
246.25,5.510399970502822,17,1,0,0,2,1,0,0,txn_175,user_75,legitimate
372.84,5.923827898392171,20,0,0,0,2,1,0,0,txn_176,user_76,legitimate
327.55,5.794689033343877,1,2,0,1,1,1,0,0,txn_177,user_77,legitimate
107.61,4.687763484291945,12,5,1,0,1,1,0,0,txn_178,user_78,legitimate
347.68,5.854154596143375,9,4,0,0,1,1,0,0,txn_179,user_79,legitimate
252.46,5.535206019653918,13,5,1,0,1,1,0,0,txn_180,user_80,legitimate
38.48,3.675794214565281,19,6,1,0,3,1,0,0,txn_181,user_81,legitimate
87.09,4.478359019121704,15,3,0,0,1,1,0,0,txn_182,user_82,legitimate
239.82,5.484049766464073,3,6,1,1,1,1,0,0,txn_183,user_83,legitimate
446.21,6.103028282950449,8,3,0,0,2,1,0,0,txn_184,user_84,legitimate
67.08,4.220683484265119,14,0,0,0,1,1,0,0,txn_185,user_85,legitimate
203.95,5.322766046950346,12,5,1,0,2,1,0,0,txn_186,user_86,legitimate
262.18,5.572838208721994,1,4,0,1,3,1,0,0,txn_187,user_87,legitimate
1922.03,7.561657346091116,4,2,0,1,5,1,1,0,txn_188,user_88,fraud
155.39,5.052352887448124,9,1,0,0,1,1,0,0,txn_189,user_89,legitimate
247.13,5.513952802371925,16,5,1,0,3,1,0,0,txn_190,user_90,legitimate
165.02,5.112108263026889,22,0,0,0,3,1,0,0,txn_191,user_91,legitimate
455.93,6.124530206295522,14,4,0,0,1,1,0,0,txn_192,user_92,legitimate
453.79,6.119835773947753,10,0,0,0,2,1,0,0,txn_193,user_93,legitimate
332.06,5.808322653930125,2,3,0,1,1,1,0,0,txn_194,user_94,legitimate
112.42,4.731097742585882,13,0,0,0,3,1,0,0,txn_195,user_95,legitimate
100.75,4.622518824322705,20,6,1,0,1,1,0,0,txn_196,user_96,legitimate
456.82,6.126476093763859,16,0,0,0,3,1,0,0,txn_197,user_97,legitimate
421.19,6.045455449676586,8,4,0,0,1,1,0,0,txn_198,user_98,legitimate
260.84,5.567733630192925,19,2,0,0,3,1,0,0,txn_199,user_99,legitimate
158.76,5.07367268910756,22,3,0,0,2,1,0,0,txn_200,user_0,legitimate
341.11,5.835132322775277,22,6,1,0,1,1,0,0,txn_201,user_1,legitimate
257.26,5.553966829418505,9,0,0,0,2,1,0,0,txn_202,user_2,legitimate
53.55,3.9991177122790798,11,3,0,0,3,1,0,0,txn_203,user_3,legitimate
311.44,5.744412450742097,8,6,1,0,2,1,0,0,txn_204,user_4,legitimate
408.12,6.014008511542876,6,5,1,0,2,1,0,0,txn_205,user_5,legitimate
417.75,6.037274083139276,18,4,0,0,3,1,0,0,txn_206,user_6,legitimate
285.97,5.659377680679295,14,5,1,0,1,1,0,0,txn_207,user_7,legitimate
464.16,6.142381432424843,12,2,0,0,3,1,0,0,txn_208,user_8,legitimate
353.71,5.871300554221184,3,4,0,1,2,1,0,0,txn_209,user_9,legitimate
358.49,5.884686360362535,15,4,0,0,2,1,0,0,txn_210,user_10,legitimate
30.06,3.435920817720541,10,1,0,0,3,1,0,0,txn_211,user_11,legitimate
346.98,5.85214500685857,13,6,1,0,3,1,0,0,txn_212,user_12,legitimate
87.98,4.488411625377895,9,3,0,0,1,1,0,0,txn_213,user_13,legitimate
60.34,4.116432158686106,2,5,1,1,3,1,0,0,txn_214,user_14,legitimate
117.66,4.776262260830497,15,4,0,0,3,1,0,0,txn_215,user_15,legitimate
233.42,5.457114378295034,11,1,0,0,2,1,0,0,txn_216,user_16,legitimate
43.53,3.796163119333611,12,1,0,0,3,1,0,0,txn_217,user_17,legitimate
102.59,4.640440800070011,20,0,0,0,2,1,0,0,txn_218,user_18,legitimate
326.42,5.7912437504261955,18,0,0,0,3,1,0,0,txn_219,user_19,legitimate
272.15,5.610021094841726,2,4,0,1,1,1,0,0,txn_220,user_20,legitimate
61.44,4.134206095647231,16,3,0,0,1,1,0,0,txn_221,user_21,legitimate
239.47,5.482595341640379,10,6,1,0,3,1,0,0,txn_222,user_22,legitimate
33.43,3.5389282773504322,6,6,1,0,2,1,0,0,txn_223,user_23,legitimate
53.43,3.9969154724461085,12,1,0,0,1,1,0,0,txn_224,user_24,legitimate
353.83,5.8716388015395715,10,1,0,0,2,1,0,0,txn_225,user_25,legitimate
340.97,5.834723013916797,7,6,1,0,2,1,0,0,txn_226,user_26,legitimate
221.7,5.405825574263322,11,3,0,0,2,1,0,0,txn_227,user_27,legitimate
482.25,6.18053411808844,9,1,0,0,2,1,0,0,txn_228,user_28,legitimate
73.36,4.308918162853243,13,1,0,0,2,1,0,0,txn_229,user_29,legitimate
141.99,4.962774697744756,18,5,1,0,3,1,0,0,txn_230,user_30,legitimate
349.25,5.858647185217117,14,1,0,0,1,1,0,0,txn_231,user_31,legitimate
228.2,5.434594984840585,17,1,0,0,2,1,0,0,txn_232,user_32,legitimate
4247.2,8.354250642792785,12,2,0,0,5,1,1,0,txn_233,user_33,fraud
418.99,6.040230901470153,8,4,0,0,3,1,0,0,txn_234,user_34,legitimate
453.13,6.118383500665175,11,1,0,0,2,1,0,0,txn_235,user_35,legitimate
193.22,5.268991537166208,14,5,1,0,2,1,0,0,txn_236,user_36,legitimate
23.68,3.205993199037187,11,3,0,0,1,1,0,0,txn_237,user_37,legitimate
335.05,5.817259958415975,22,0,0,0,2,1,0,0,txn_238,user_38,legitimate
421.18,6.045431763377924,7,0,0,0,3,1,0,0,txn_239,user_39,legitimate
53.18,3.992311836656949,10,5,1,0,2,1,0,0,txn_240,user_40,legitimate
394.31,5.979670267225271,12,4,0,0,3,1,0,0,txn_241,user_41,legitimate
164.92,5.111505744481217,14,1,0,0,3,1,0,0,txn_242,user_42,legitimate
146.95,4.996874378846218,14,6,1,0,2,1,0,0,txn_243,user_43,legitimate
193.24,5.2690945078711335,8,2,0,0,1,1,0,0,txn_244,user_44,legitimate
121.01,4.8041030085872425,7,4,0,0,2,1,0,0,txn_245,user_45,legitimate
41.14,3.740997408376043,22,4,0,0,3,1,0,0,txn_246,user_46,legitimate
3051.87,8.023837410760477,0,5,1,1,6,1,1,0,txn_247,user_47,fraud
15.42,2.7985001040242823,10,6,1,0,2,1,0,0,txn_248,user_48,legitimate
447.19,6.105217249649828,20,1,0,0,2,1,0,0,txn_249,user_49,legitimate
197.6,5.291292751611072,15,5,1,0,1,1,0,0,txn_250,user_50,legitimate
87.46,4.482550472440181,4,2,0,1,2,1,0,0,txn_251,user_51,legitimate
2742.22,7.916887691877456,13,3,0,0,4,1,1,0,txn_252,user_52,fraud
18.52,2.9714395809849465,16,3,0,0,1,1,0,0,txn_253,user_53,legitimate
332.86,5.8107217434272425,11,5,1,0,1,1,0,0,txn_254,user_54,legitimate
430.54,6.067360206111239,19,6,1,0,1,1,0,0,txn_255,user_55,legitimate
161.8,5.09252245356844,16,6,1,0,3,1,0,0,txn_256,user_56,legitimate
164.93,5.111566012674697,7,0,0,0,2,1,0,0,txn_257,user_57,legitimate
407.85,6.013348340607986,9,1,0,0,1,1,0,0,txn_258,user_58,legitimate
4908.98,8.499025147460515,7,0,0,0,5,1,1,0,txn_259,user_59,fraud
266.86,5.590464455958976,12,1,0,0,1,1,0,0,txn_260,user_60,legitimate
254.82,5.544474072171247,7,5,1,0,3,1,0,0,txn_261,user_61,legitimate
102.3,4.637637376125593,7,5,1,0,2,1,0,0,txn_262,user_62,legitimate
474.15,6.163630543657324,17,5,1,0,3,1,0,0,txn_263,user_63,legitimate
339.91,5.8316185128291975,9,5,1,0,3,1,0,0,txn_264,user_64,legitimate
204.83,5.327050585370909,17,0,0,0,3,1,0,0,txn_265,user_65,legitimate
57.01,4.060615409477973,10,6,1,0,1,1,0,0,txn_266,user_66,legitimate
66.12,4.206482062158951,1,4,0,1,1,1,0,0,txn_267,user_67,legitimate
319.18,5.768883337649949,9,1,0,0,3,1,0,0,txn_268,user_68,legitimate
364.25,5.900582050630809,11,4,0,0,2,1,0,0,txn_269,user_69,legitimate
446.85,6.104458354921205,14,4,0,0,1,1,0,0,txn_270,user_70,legitimate
336.8,5.8224540043737,10,0,0,0,2,1,0,0,txn_271,user_71,legitimate
496.24,6.209072806923515,6,5,1,0,2,1,0,0,txn_272,user_72,legitimate
165.59,5.115535703921625,8,0,0,0,1,1,0,0,txn_273,user_73,legitimate
350.09,5.861042600854784,7,1,0,0,3,1,0,0,txn_274,user_74,legitimate
261.23,5.569221981260506,0,6,1,1,3,1,0,0,txn_275,user_75,legitimate
370.15,5.9166062935635555,7,4,0,0,2,1,0,0,txn_276,user_76,legitimate
52.82,3.9856451452987596,11,2,0,0,3,1,0,0,txn_277,user_77,legitimate
119.46,4.791317747615575,2,0,0,1,1,1,0,0,txn_278,user_78,legitimate
284.29,5.653506206781466,15,1,0,0,2,1,0,0,txn_279,user_79,legitimate
348.89,5.857618819371068,9,6,1,0,3,1,0,0,txn_280,user_80,legitimate
170.99,5.147436335588401,10,6,1,0,1,1,0,0,txn_281,user_81,legitimate
167.63,5.127706965682093,6,6,1,0,3,1,0,0,txn_282,user_82,legitimate
346.92,5.851972568289383,7,6,1,0,3,1,0,0,txn_283,user_83,legitimate
220.14,5.398795985114256,15,4,0,0,2,1,0,0,txn_284,user_84,legitimate
114.25,4.747103681876758,12,4,0,0,1,1,0,0,txn_285,user_85,legitimate
459.42,6.132139116390751,5,2,0,1,1,1,0,0,txn_286,user_86,legitimate
213.17,5.366770092182479,19,3,0,0,3,1,0,0,txn_287,user_87,legitimate
3655.05,8.20413860862932,21,1,0,0,5,1,1,0,txn_288,user_88,fraud
492.89,6.20231282032804,10,6,1,0,2,1,0,0,txn_289,user_89,legitimate
3118.22,8.045338249548319,12,1,0,0,4,1,1,0,txn_290,user_90,fraud
55.61,4.036185648048568,9,4,0,0,3,1,0,0,txn_291,user_91,legitimate
421.27,6.045644919871123,6,2,0,0,1,1,0,0,txn_292,user_92,legitimate
244.79,5.504477512821833,12,5,1,0,3,1,0,0,txn_293,user_93,legitimate
462.62,6.139065251173547,4,4,0,1,2,1,0,0,txn_294,user_94,legitimate
262.41,5.5737117536606595,4,6,1,1,2,1,0,0,txn_295,user_95,legitimate
223.95,5.4158781552871815,12,1,0,0,3,1,0,0,txn_296,user_96,legitimate
303.35,5.718178354939933,13,6,1,0,1,1,0,0,txn_297,user_97,legitimate
418.81,6.0398022279699,7,0,0,0,3,1,0,0,txn_298,user_98,legitimate
53.98,4.0069694827371,21,2,0,0,2,1,0,0,txn_299,user_99,legitimate
86.49,4.471524501118173,13,0,0,0,3,1,0,0,txn_300,user_0,legitimate
60.31,4.115942961774596,0,1,0,1,2,1,0,0,txn_301,user_1,legitimate
4061.83,8.309635054108183,21,2,0,0,6,1,1,0,txn_302,user_2,fraud
143.54,4.973556285854835,15,4,0,0,3,1,0,0,txn_303,user_3,legitimate
481.42,6.178815103923378,9,1,0,0,1,1,0,0,txn_304,user_4,legitimate
182.57,5.2125960661425585,6,2,0,0,1,1,0,0,txn_305,user_5,legitimate
415.82,6.032654473932845,14,1,0,0,2,1,0,0,txn_306,user_6,legitimate
435.68,6.079200661412068,16,1,0,0,2,1,0,0,txn_307,user_7,legitimate
209.95,5.351621138570348,6,3,0,0,2,1,0,0,txn_308,user_8,legitimate
90.79,4.519503359231,19,4,0,0,1,1,0,0,txn_309,user_9,legitimate
496.77,6.21013812295074,11,6,1,0,2,1,0,0,txn_310,user_10,legitimate
100.35,4.618579872898009,22,6,1,0,3,1,0,0,txn_311,user_11,legitimate
101.97,4.63443768366866,16,6,1,0,1,1,0,0,txn_312,user_12,legitimate
232.59,5.4535674418185955,22,4,0,0,3,1,0,0,txn_313,user_13,legitimate
429.34,6.064575593925305,22,6,1,0,3,1,0,0,txn_314,user_14,legitimate
82.98,4.430578675256047,6,0,0,0,3,1,0,0,txn_315,user_15,legitimate
4444.66,8.399683618365547,13,6,1,0,6,1,1,0,txn_316,user_16,fraud
375.04,5.92969552071035,3,5,1,1,3,1,0,0,txn_317,user_17,legitimate
219.82,5.397347890010991,12,0,0,0,3,1,0,0,txn_318,user_18,legitimate
186.47,5.2336188326091,7,5,1,0,1,1,0,0,txn_319,user_19,legitimate
403.26,6.002058235318851,19,6,1,0,2,1,0,0,txn_320,user_20,legitimate
116.93,4.770091228101879,11,5,1,0,2,1,0,0,txn_321,user_21,legitimate
465.91,6.14613651961003,7,4,0,0,1,1,0,0,txn_322,user_22,legitimate
357.67,5.882402745690731,7,3,0,0,2,1,0,0,txn_323,user_23,legitimate
95.59,4.570475216191205,18,3,0,0,1,1,0,0,txn_324,user_24,legitimate
64.7,4.185098925490565,11,6,1,0,1,1,0,0,txn_325,user_25,legitimate
486.81,6.1899259857766955,16,2,0,0,3,1,0,0,txn_326,user_26,legitimate
318.21,5.765849193405734,12,0,0,0,2,1,0,0,txn_327,user_27,legitimate
3623.23,8.195397130932667,20,0,0,0,6,1,1,0,txn_328,user_28,fraud
260.01,5.564558720764969,22,1,0,0,1,1,0,0,txn_329,user_29,legitimate
220.69,5.401280009605862,16,6,1,0,2,1,0,0,txn_330,user_30,legitimate
4112.48,8.322024664557539,9,4,0,0,5,1,1,0,txn_331,user_31,fraud
91.6,4.528289141652134,22,0,0,0,2,1,0,0,txn_332,user_32,legitimate
457.12,6.127131158529515,22,1,0,0,3,1,0,0,txn_333,user_33,legitimate
486.33,6.188941511672941,1,2,0,1,2,1,0,0,txn_334,user_34,legitimate
293.21,5.684293798072338,20,1,0,0,3,1,0,0,txn_335,user_35,legitimate
350.8,5.8630628323034575,21,0,0,0,1,1,0,0,txn_336,user_36,legitimate
481.23,6.178421178660418,19,6,1,0,3,1,0,0,txn_337,user_37,legitimate
71.39,4.28206816830505,20,0,0,0,3,1,0,0,txn_338,user_38,legitimate
264.57,5.581878459415514,18,5,1,0,2,1,0,0,txn_339,user_39,legitimate
450.2,6.1119107001838495,20,6,1,0,3,1,0,0,txn_340,user_40,legitimate
97.9,4.594109238628667,6,3,0,0,1,1,0,0,txn_341,user_41,legitimate
279.36,5.636074491632124,4,0,0,1,3,1,0,0,txn_342,user_42,legitimate
317.81,5.7645953140527135,23,0,0,1,2,1,0,0,txn_343,user_43,legitimate
377.29,5.935661097242545,15,2,0,0,3,1,0,0,txn_344,user_44,legitimate
2482.23,7.8173154111014895,6,0,0,0,6,1,1,0,txn_345,user_45,fraud
213.31,5.367423564946584,6,0,0,0,2,1,0,0,txn_346,user_46,legitimate
93.19,4.545314018834726,15,6,1,0,1,1,0,0,txn_347,user_47,legitimate
466.15,6.146650405238964,9,4,0,0,2,1,0,0,txn_348,user_48,legitimate
474.16,6.163651589421339,14,2,0,0,1,1,0,0,txn_349,user_49,legitimate
117.21,4.772462703762286,21,4,0,0,1,1,0,0,txn_350,user_50,legitimate
472.76,6.160700864353281,12,2,0,0,2,1,0,0,txn_351,user_51,legitimate
325.63,5.7888280317986185,20,4,0,0,1,1,0,0,txn_352,user_52,legitimate
90.73,4.518849479521564,6,1,0,0,2,1,0,0,txn_353,user_53,legitimate
18.56,2.9734866646066713,7,4,0,0,3,1,0,0,txn_354,user_54,legitimate
71.56,4.2844138058068815,17,4,0,0,1,1,0,0,txn_355,user_55,legitimate
226.79,5.428424151893252,11,3,0,0,3,1,0,0,txn_356,user_56,legitimate
2612.61,7.868487686419731,10,4,0,0,6,1,1,0,txn_357,user_57,fraud
452.19,6.116311463597081,11,0,0,0,1,1,0,0,txn_358,user_58,legitimate
197.64,5.2914941411999115,4,4,0,1,2,1,0,0,txn_359,user_59,legitimate
292.73,5.6826609780340895,13,5,1,0,1,1,0,0,txn_360,user_60,legitimate
209.99,5.3518107389880365,10,5,1,0,1,1,0,0,txn_361,user_61,legitimate
165.63,5.115775785550532,6,1,0,0,3,1,0,0,txn_362,user_62,legitimate
48.47,3.901366425239617,6,0,0,0,3,1,0,0,txn_363,user_63,legitimate
58.65,4.0884941485439255,23,0,0,1,3,1,0,0,txn_364,user_64,legitimate
4040.36,8.304336547970163,23,5,1,1,4,1,1,0,txn_365,user_65,fraud
475.39,6.166236846496772,23,2,0,1,1,1,0,0,txn_366,user_66,legitimate
448.02,6.107067430180069,13,0,0,0,3,1,0,0,txn_367,user_67,legitimate
4390.41,8.387405639010764,8,3,0,0,5,1,1,0,txn_368,user_68,fraud
313.41,5.750697866665008,15,0,0,0,1,1,0,0,txn_369,user_69,legitimate
460.95,6.135456660116754,22,4,0,0,2,1,0,0,txn_370,user_70,legitimate
140.05,4.949114437448006,18,5,1,0,1,1,0,0,txn_371,user_71,legitimate
76.3,4.3476939555933765,2,0,0,1,2,1,0,0,txn_372,user_72,legitimate
414.99,6.030661221510797,20,3,0,0,1,1,0,0,txn_373,user_73,legitimate
306.26,5.727694294702514,10,2,0,0,2,1,0,0,txn_374,user_74,legitimate
373.79,5.926365869111848,1,2,0,1,2,1,0,0,txn_375,user_75,legitimate
34.3,3.563882963939251,0,6,1,1,1,1,0,0,txn_376,user_76,legitimate
49.1,3.914021008090819,18,3,0,0,1,1,0,0,txn_377,user_77,legitimate
198.67,5.296666003798806,18,3,0,0,1,1,0,0,txn_378,user_78,legitimate
61.12,4.129067998280486,13,6,1,0,1,1,0,0,txn_379,user_79,legitimate
135.85,4.918885435486688,14,6,1,0,3,1,0,0,txn_380,user_80,legitimate
107.64,4.688039663810386,19,4,0,0,3,1,0,0,txn_381,user_81,legitimate
112.09,4.728183961883236,10,3,0,0,1,1,0,0,txn_382,user_82,legitimate
255.46,5.54697270703097,14,6,1,0,2,1,0,0,txn_383,user_83,legitimate
133.35,4.9004483350615,17,4,0,0,1,1,0,0,txn_384,user_84,legitimate
29.27,3.410157123033627,16,3,0,0,1,1,0,0,txn_385,user_85,legitimate
4496.21,8.411212483478932,4,1,0,1,4,1,1,0,txn_386,user_86,fraud
28.07,3.3697067145707846,14,1,0,0,2,1,0,0,txn_387,user_87,legitimate
484.92,6.1860440012974385,21,1,0,0,3,1,0,0,txn_388,user_88,legitimate
333.62,5.812995559629518,6,5,1,0,1,1,0,0,txn_389,user_89,legitimate
45.31,3.8353579204926604,13,1,0,0,1,1,0,0,txn_390,user_90,legitimate
495.86,6.208308296273664,16,3,0,0,3,1,0,0,txn_391,user_91,legitimate
464.11,6.142273936751439,6,6,1,0,3,1,0,0,txn_392,user_92,legitimate
396.48,5.9851446183631625,12,4,0,0,3,1,0,0,txn_393,user_93,legitimate
346.31,5.850217752885746,17,3,0,0,2,1,0,0,txn_394,user_94,legitimate
75.61,4.33872761652873,23,0,0,1,1,1,0,0,txn_395,user_95,legitimate
128.6,4.864452783918174,17,0,0,0,1,1,0,0,txn_396,user_96,legitimate
327.81,5.795480076344844,15,5,1,0,1,1,0,0,txn_397,user_97,legitimate
392.29,5.974547253230972,17,3,0,0,2,1,0,0,txn_398,user_98,legitimate
274.6,5.618950539139504,19,1,0,0,2,1,0,0,txn_399,user_99,legitimate
130.0,4.875197323201151,23,3,0,1,3,1,0,0,txn_400,user_0,legitimate
131.67,4.887864841928826,6,5,1,0,3,1,0,0,txn_401,user_1,legitimate
119.21,4.7892402133161625,17,6,1,0,3,1,0,0,txn_402,user_2,legitimate
322.15,5.778116611708905,17,3,0,0,2,1,0,0,txn_403,user_3,legitimate
288.4,5.667809814197383,10,1,0,0,1,1,0,0,txn_404,user_4,legitimate
406.74,6.010629716368993,20,6,1,0,2,1,0,0,txn_405,user_5,legitimate
443.6,6.097175001530096,0,4,0,1,1,1,0,0,txn_406,user_6,legitimate
242.96,5.497004277428256,21,6,1,0,2,1,0,0,txn_407,user_7,legitimate
396.47,5.985119459548142,7,1,0,0,1,1,0,0,txn_408,user_8,legitimate
3907.55,8.270921740210005,9,4,0,0,6,1,1,0,txn_409,user_9,fraud
335.25,5.817854930916049,17,5,1,0,3,1,0,0,txn_410,user_10,legitimate
4941.04,8.505533480404914,8,3,0,0,6,1,1,0,txn_411,user_11,fraud
494.11,6.204779960103212,3,4,0,1,2,1,0,0,txn_412,user_12,legitimate
451.61,6.115030827520092,22,2,0,0,3,1,0,0,txn_413,user_13,legitimate
390.63,5.970317516506526,16,5,1,0,1,1,0,0,txn_414,user_14,legitimate
363.58,5.898746006104775,8,2,0,0,1,1,0,0,txn_415,user_15,legitimate
204.36,5.324764536562885,19,4,0,0,2,1,0,0,txn_416,user_16,legitimate
188.19,5.242751801098328,5,6,1,1,2,1,0,0,txn_417,user_17,legitimate
423.27,6.050370045018507,8,0,0,0,3,1,0,0,txn_418,user_18,legitimate
265.6,5.585749407744609,18,3,0,0,3,1,0,0,txn_419,user_19,legitimate
351.19,5.864170802700472,7,1,0,0,1,1,0,0,txn_420,user_20,legitimate
430.2,6.066572019594787,3,1,0,1,3,1,0,0,txn_421,user_21,legitimate
266.7,5.589866950526307,8,5,1,0,1,1,0,0,txn_422,user_22,legitimate
42.52,3.773220602547687,8,5,1,0,3,1,0,0,txn_423,user_23,legitimate
264.15,5.580295703583139,11,6,1,0,1,1,0,0,txn_424,user_24,legitimate
174.54,5.167866937163971,13,0,0,0,3,1,0,0,txn_425,user_25,legitimate
222.57,5.409724564122167,2,4,0,1,3,1,0,0,txn_426,user_26,legitimate
252.18,5.5341006982086824,13,4,0,0,1,1,0,0,txn_427,user_27,legitimate
218.51,5.391397789564048,20,3,0,0,3,1,0,0,txn_428,user_28,legitimate
53.01,3.9891692146047997,16,2,0,0,2,1,0,0,txn_429,user_29,legitimate
134.31,4.907568442275553,18,5,1,0,2,1,0,0,txn_430,user_30,legitimate
399.41,5.99248902215417,9,2,0,0,3,1,0,0,txn_431,user_31,legitimate
39.41,3.6990772790903823,23,6,1,1,2,1,0,0,txn_432,user_32,legitimate
82.91,4.4297447958819784,8,5,1,0,1,1,0,0,txn_433,user_33,legitimate
323.22,5.781422297713427,9,4,0,0,2,1,0,0,txn_434,user_34,legitimate
20.82,3.0828269804049246,22,5,1,0,1,1,0,0,txn_435,user_35,legitimate
417.78,6.03734572236417,17,2,0,0,1,1,0,0,txn_436,user_36,legitimate
382.28,5.948765792574867,9,5,1,0,3,1,0,0,txn_437,user_37,legitimate
341.68,5.836797067095843,18,5,1,0,3,1,0,0,txn_438,user_38,legitimate
311.41,5.744316427696492,16,6,1,0,1,1,0,0,txn_439,user_39,legitimate
456.77,6.126366874571754,3,0,0,1,3,1,0,0,txn_440,user_40,legitimate
143.24,4.971478578895062,16,1,0,0,3,1,0,0,txn_441,user_41,legitimate
69.93,4.261693475213995,11,6,1,0,1,1,0,0,txn_442,user_42,legitimate
353.68,5.871215974511807,17,3,0,0,1,1,0,0,txn_443,user_43,legitimate
2519.94,7.83238712682536,7,6,1,0,4,1,1,0,txn_444,user_44,fraud
321.73,5.776816060339609,22,4,0,0,3,1,0,0,txn_445,user_45,legitimate
281.74,5.644527747438887,15,5,1,0,3,1,0,0,txn_446,user_46,legitimate
3222.54,8.078235413546029,10,0,0,0,6,1,1,0,txn_447,user_47,fraud
3815.37,8.24705498803556,11,6,1,0,6,1,1,0,txn_448,user_48,fraud
4499.72,8.411992662959776,22,5,1,0,5,1,1,0,txn_449,user_49,fraud
219.32,5.395081034980345,10,5,1,0,2,1,0,0,txn_450,user_50,legitimate
106.7,4.679349584162343,7,5,1,0,1,1,0,0,txn_451,user_51,legitimate
92.04,4.533029508210409,20,5,1,0,1,1,0,0,txn_452,user_52,legitimate
277.19,5.628304333480244,6,6,1,0,2,1,0,0,txn_453,user_53,legitimate
32.22,3.503152104185149,16,6,1,0,1,1,0,0,txn_454,user_54,legitimate
93.96,4.553455750301413,14,4,0,0,1,1,0,0,txn_455,user_55,legitimate
326.87,5.792617188356692,13,1,0,0,2,1,0,0,txn_456,user_56,legitimate
232.21,5.451939335203601,6,6,1,0,2,1,0,0,txn_457,user_57,legitimate
177.32,5.183579689077614,17,6,1,0,1,1,0,0,txn_458,user_58,legitimate
114.69,4.750914200040797,23,3,0,1,2,1,0,0,txn_459,user_59,legitimate
435.16,6.078009148508168,23,2,0,1,3,1,0,0,txn_460,user_60,legitimate
27.36,3.344979701663927,17,1,0,0,2,1,0,0,txn_461,user_61,legitimate
270.87,5.605324010869238,6,5,1,0,2,1,0,0,txn_462,user_62,legitimate
325.16,5.787388058510998,19,0,0,0,3,1,0,0,txn_463,user_63,legitimate
144.23,4.9783186926197125,9,4,0,0,2,1,0,0,txn_464,user_64,legitimate
385.13,5.956174100329396,10,3,0,0,2,1,0,0,txn_465,user_65,legitimate
283.48,5.65066295232554,6,2,0,0,2,1,0,0,txn_466,user_66,legitimate
279.35,5.636038822569682,2,0,0,1,2,1,0,0,txn_467,user_67,legitimate
431.55,6.069697926626383,22,3,0,0,1,1,0,0,txn_468,user_68,legitimate
478.89,6.173556910972577,13,4,0,0,1,1,0,0,txn_469,user_69,legitimate
381.34,5.946310265100872,10,6,1,0,1,1,0,0,txn_470,user_70,legitimate
4841.38,8.485161614385568,18,2,0,0,5,1,1,0,txn_471,user_71,fraud
251.17,5.530103463243588,23,2,0,1,3,1,0,0,txn_472,user_72,legitimate
110.54,4.714383270961408,0,2,0,1,2,1,0,0,txn_473,user_73,legitimate
193.7,5.271459912378154,10,6,1,0,2,1,0,0,txn_474,user_74,legitimate
491.03,6.198539690243127,23,1,0,1,2,1,0,0,txn_475,user_75,legitimate
4074.66,8.312787975750526,11,1,0,0,5,1,1,0,txn_476,user_76,fraud
376.66,5.933994319953432,8,4,0,0,3,1,0,0,txn_477,user_77,legitimate
266.39,5.588708266810736,6,4,0,0,1,1,0,0,txn_478,user_78,legitimate
402.99,6.001390125179555,18,4,0,0,2,1,0,0,txn_479,user_79,legitimate
286.56,5.661431534115671,20,3,0,0,1,1,0,0,txn_480,user_80,legitimate
317.9,5.764877574016012,15,3,0,0,2,1,0,0,txn_481,user_81,legitimate
212.84,5.365228071830663,14,2,0,0,2,1,0,0,txn_482,user_82,legitimate
14.8,2.760009940032921,6,5,1,0,2,1,0,0,txn_483,user_83,legitimate
298.63,5.702548380141388,23,4,0,1,2,1,0,0,txn_484,user_84,legitimate
51.18,3.9546992797085823,16,5,1,0,2,1,0,0,txn_485,user_85,legitimate
429.73,6.065481443685878,7,4,0,0,2,1,0,0,txn_486,user_86,legitimate
2457.61,7.8073514285803745,4,4,0,1,5,1,1,0,txn_487,user_87,fraud
1230.56,7.116036937445624,18,2,0,0,4,1,1,0,txn_488,user_88,fraud
467.41,6.149343980769794,15,3,0,0,1,1,0,0,txn_489,user_89,legitimate
60.56,4.120012308970678,21,4,0,0,1,1,0,0,txn_490,user_90,legitimate
489.91,6.196260811604132,16,4,0,0,1,1,0,0,txn_491,user_91,legitimate
4134.32,8.327319992613424,8,6,1,0,6,1,1,0,txn_492,user_92,fraud
40.91,3.73552446193698,20,5,1,0,1,1,0,0,txn_493,user_93,legitimate
234.22,5.460521246422891,14,2,0,0,1,1,0,0,txn_494,user_94,legitimate
297.14,5.697563174842284,21,1,0,0,2,1,0,0,txn_495,user_95,legitimate
399.5,5.992713766508414,3,2,0,1,1,1,0,0,txn_496,user_96,legitimate
341.49,5.836242460195745,18,3,0,0,1,1,0,0,txn_497,user_97,legitimate
352.38,5.867543965188504,18,1,0,0,3,1,0,0,txn_498,user_98,legitimate
417.97,6.037799318313458,7,5,1,0,1,1,0,0,txn_499,user_99,legitimate
31.81,3.4907333469730104,10,1,0,0,2,1,0,0,txn_500,user_0,legitimate
157.82,5.067771485467065,13,1,0,0,2,1,0,0,txn_501,user_1,legitimate
154.88,5.049086480470509,7,2,0,0,3,1,0,0,txn_502,user_2,legitimate
1646.75,7.407165999932829,3,3,0,1,5,1,1,0,txn_503,user_3,fraud
145.9,4.989752083179832,16,5,1,0,1,1,0,0,txn_504,user_4,legitimate
124.6,4.833102254034098,9,6,1,0,2,1,0,0,txn_505,user_5,legitimate
394.06,5.979037652099855,11,5,1,0,3,1,0,0,txn_506,user_6,legitimate
137.08,4.9278332273351175,6,0,0,0,3,1,0,0,txn_507,user_7,legitimate
3036.37,8.018747288379018,16,6,1,0,5,1,1,0,txn_508,user_8,fraud
114.07,4.745540638835367,15,6,1,0,2,1,0,0,txn_509,user_9,legitimate
201.03,5.308416201225451,23,3,0,1,3,1,0,0,txn_510,user_10,legitimate
349.2,5.8585044198517515,13,1,0,0,2,1,0,0,txn_511,user_11,legitimate
117.47,4.7746597639666675,22,4,0,0,2,1,0,0,txn_512,user_12,legitimate
153.78,5.042004753842313,14,4,0,0,3,1,0,0,txn_513,user_13,legitimate
459.12,6.13148732502781,14,6,1,0,1,1,0,0,txn_514,user_14,legitimate
435.51,6.078811284524684,5,3,0,1,1,1,0,0,txn_515,user_15,legitimate
242.61,5.495568585896296,19,5,1,0,1,1,0,0,txn_516,user_16,legitimate
4732.7,8.462462416709734,17,0,0,0,5,1,1,0,txn_517,user_17,fraud
118.43,4.782730425680335,7,2,0,0,1,1,0,0,txn_518,user_18,legitimate
125.73,4.842058839093973,6,5,1,0,3,1,0,0,txn_519,user_19,legitimate
485.8,6.187853361113372,16,4,0,0,2,1,0,0,txn_520,user_20,legitimate
57.21,4.064057161283644,8,1,0,0,2,1,0,0,txn_521,user_21,legitimate
157.77,5.06745661408942,21,2,0,0,1,1,0,0,txn_522,user_22,legitimate
497.57,6.211744000807542,9,6,1,0,2,1,0,0,txn_523,user_23,legitimate
215.24,5.376388901968192,18,4,0,0,3,1,0,0,txn_524,user_24,legitimate
4945.04,8.506342535391967,21,5,1,0,6,1,1,0,txn_525,user_25,fraud
265.98,5.587173749227587,9,6,1,0,3,1,0,0,txn_526,user_26,legitimate
318.9,5.768008446955473,16,4,0,0,1,1,0,0,txn_527,user_27,legitimate
67.66,4.229166788029546,15,2,0,0,3,1,0,0,txn_528,user_28,legitimate
347.54,5.853753001232496,4,6,1,1,2,1,0,0,txn_529,user_29,legitimate
361.19,5.892168936012406,8,4,0,0,2,1,0,0,txn_530,user_30,legitimate
170.66,5.145515776290074,6,1,0,0,1,1,0,0,txn_531,user_31,legitimate
206.0,5.332718793265369,8,2,0,0,3,1,0,0,txn_532,user_32,legitimate
59.06,4.095344062555184,15,6,1,0,1,1,0,0,txn_533,user_33,legitimate
110.9,4.71760561531788,0,1,0,1,3,1,0,0,txn_534,user_34,legitimate
123.41,4.8235825629264,13,6,1,0,3,1,0,0,txn_535,user_35,legitimate
119.38,4.790653406119625,21,4,0,0,3,1,0,0,txn_536,user_36,legitimate
78.59,4.376888456817758,11,5,1,0,2,1,0,0,txn_537,user_37,legitimate
266.69,5.58982959458017,15,0,0,0,1,1,0,0,txn_538,user_38,legitimate
495.27,6.207120133456288,16,5,1,0,3,1,0,0,txn_539,user_39,legitimate
1912.53,7.55670498281968,10,0,0,0,5,1,1,0,txn_540,user_40,fraud
173.72,5.16318469255654,7,2,0,0,2,1,0,0,txn_541,user_41,legitimate
37.14,3.641263600172273,16,6,1,0,1,1,0,0,txn_542,user_42,legitimate
1530.3,7.333872326821162,4,3,0,1,6,1,1,0,txn_543,user_43,fraud
145.7,4.9883896851489355,15,4,0,0,2,1,0,0,txn_544,user_44,legitimate
250.07,5.525731784712892,12,3,0,0,3,1,0,0,txn_545,user_45,legitimate
273.9,5.6164073951712,9,5,1,0,2,1,0,0,txn_546,user_46,legitimate
398.04,5.989061662491672,15,5,1,0,3,1,0,0,txn_547,user_47,legitimate
54.88,4.023206534388761,21,2,0,0,1,1,0,0,txn_548,user_48,legitimate
142.85,4.968771089997557,8,5,1,0,1,1,0,0,txn_549,user_49,legitimate
115.62,4.75892078579401,20,0,0,0,2,1,0,0,txn_550,user_50,legitimate
222.0,5.407171771460119,20,2,0,0,1,1,0,0,txn_551,user_51,legitimate
249.11,5.5219008210906315,9,2,0,0,1,1,0,0,txn_552,user_52,legitimate
414.98,6.0306371821824545,22,6,1,0,2,1,0,0,txn_553,user_53,legitimate
249.35,5.522859938775953,20,4,0,0,1,1,0,0,txn_554,user_54,legitimate
100.41,4.619171705623905,15,0,0,0,2,1,0,0,txn_555,user_55,legitimate
252.71,5.536191882462241,21,2,0,0,2,1,0,0,txn_556,user_56,legitimate
259.81,5.563792172875685,7,5,1,0,3,1,0,0,txn_557,user_57,legitimate
64.9,4.188138441508461,3,5,1,1,2,1,0,0,txn_558,user_58,legitimate
131.14,4.8838619666017395,12,1,0,0,2,1,0,0,txn_559,user_59,legitimate
439.73,6.088432443050445,4,6,1,1,1,1,0,0,txn_560,user_60,legitimate
163.36,5.102059144015209,8,2,0,0,3,1,0,0,txn_561,user_61,legitimate
340.04,5.831999772456955,17,6,1,0,1,1,0,0,txn_562,user_62,legitimate
498.11,6.2128265123397615,13,0,0,0,1,1,0,0,txn_563,user_63,legitimate
3666.79,8.207344579829005,3,2,0,1,5,1,1,0,txn_564,user_64,fraud
280.25,5.63924395351863,20,4,0,0,1,1,0,0,txn_565,user_65,legitimate
232.66,5.453867067289003,17,5,1,0,2,1,0,0,txn_566,user_66,legitimate
352.53,5.867968347365164,10,6,1,0,3,1,0,0,txn_567,user_67,legitimate
4956.56,8.508668963195145,23,5,1,1,6,1,1,0,txn_568,user_68,fraud
351.96,5.866354736065138,11,6,1,0,2,1,0,0,txn_569,user_69,legitimate
144.64,4.9811378233072325,9,6,1,0,3,1,0,0,txn_570,user_70,legitimate
95.85,4.573163389853005,19,5,1,0,2,1,0,0,txn_571,user_71,legitimate
402.51,6.000201270550366,19,1,0,0,2,1,0,0,txn_572,user_72,legitimate
249.86,5.524895014596528,16,0,0,0,1,1,0,0,txn_573,user_73,legitimate
268.06,5.594934403057397,7,0,0,0,3,1,0,0,txn_574,user_74,legitimate
384.57,5.954722758879874,14,4,0,0,3,1,0,0,txn_575,user_75,legitimate
124.5,4.832305758571839,20,6,1,0,2,1,0,0,txn_576,user_76,legitimate
190.44,5.254574443600118,20,3,0,0,1,1,0,0,txn_577,user_77,legitimate
26.34,3.3083508312958037,8,6,1,0,1,1,0,0,txn_578,user_78,legitimate
171.68,5.151440170687277,9,2,0,0,1,1,0,0,txn_579,user_79,legitimate
2924.83,7.981333480097269,15,1,0,0,4,1,1,0,txn_580,user_80,fraud
196.16,5.284015581837177,14,6,1,0,1,1,0,0,txn_581,user_81,legitimate
255.67,5.547791213108276,14,5,1,0,2,1,0,0,txn_582,user_82,legitimate
385.58,5.957338832378606,17,0,0,0,2,1,0,0,txn_583,user_83,legitimate
135.49,4.916251351868104,14,3,0,0,3,1,0,0,txn_584,user_84,legitimate
293.85,5.686466752446513,7,4,0,0,1,1,0,0,txn_585,user_85,legitimate
101.86,4.63336884034677,23,6,1,1,2,1,0,0,txn_586,user_86,legitimate
174.51,5.167696021339599,9,4,0,0,2,1,0,0,txn_587,user_87,legitimate
228.28,5.434943964079862,7,2,0,0,1,1,0,0,txn_588,user_88,legitimate
217.63,5.387380803288797,20,1,0,0,1,1,0,0,txn_589,user_89,legitimate
250.97,5.529310032805645,6,1,0,0,1,1,0,0,txn_590,user_90,legitimate
287.52,5.664764407635472,9,6,1,0,2,1,0,0,txn_591,user_91,legitimate
344.55,5.845137350537404,8,5,1,0,1,1,0,0,txn_592,user_92,legitimate
437.04,6.0823102304075585,23,2,0,1,1,1,0,0,txn_593,user_93,legitimate
113.03,4.736461571669267,8,6,1,0,3,1,0,0,txn_594,user_94,legitimate
1235.41,7.119967298222665,10,2,0,0,4,1,1,0,txn_595,user_95,fraud
421.11,6.045265943576291,0,1,0,1,3,1,0,0,txn_596,user_96,legitimate
3024.1,8.014699427769783,4,1,0,1,6,1,1,0,txn_597,user_97,fraud
471.94,6.158968530551513,22,5,1,0,2,1,0,0,txn_598,user_98,legitimate
150.13,5.018140393582029,8,3,0,0,2,1,0,0,txn_599,user_99,legitimate
1520.95,7.327747686370839,2,6,1,1,6,1,1,0,txn_600,user_0,fraud
127.4,4.855150391255861,9,0,0,0,3,1,0,0,txn_601,user_1,legitimate
298.17,5.701011973693533,18,3,0,0,2,1,0,0,txn_602,user_2,legitimate
86.76,4.474605815966975,22,6,1,0,3,1,0,0,txn_603,user_3,legitimate
449.35,6.110025058229752,17,1,0,0,1,1,0,0,txn_604,user_4,legitimate
3891.39,8.2667786438355,3,6,1,1,5,1,1,0,txn_605,user_5,fraud
265.41,5.585036475499256,11,1,0,0,1,1,0,0,txn_606,user_6,legitimate
317.6,5.763936397475948,6,0,0,0,3,1,0,0,txn_607,user_7,legitimate
313.76,5.751810443666782,19,4,0,0,3,1,0,0,txn_608,user_8,legitimate
288.59,5.668466129528634,5,5,1,1,2,1,0,0,txn_609,user_9,legitimate
253.61,5.539732962649695,6,5,1,0,2,1,0,0,txn_610,user_10,legitimate
265.92,5.586948988035406,1,0,0,1,1,1,0,0,txn_611,user_11,legitimate
373.84,5.926499268255623,13,4,0,0,1,1,0,0,txn_612,user_12,legitimate
316.2,5.7595324897606925,15,3,0,0,1,1,0,0,txn_613,user_13,legitimate
279.66,5.63714397232299,6,5,1,0,1,1,0,0,txn_614,user_14,legitimate
30.21,3.440738556282688,17,4,0,0,1,1,0,0,txn_615,user_15,legitimate
275.19,5.62108903467167,10,0,0,0,3,1,0,0,txn_616,user_16,legitimate
249.48,5.52337907701815,6,2,0,0,2,1,0,0,txn_617,user_17,legitimate
498.09,6.212786440209922,15,3,0,0,2,1,0,0,txn_618,user_18,legitimate
316.56,5.760666776856913,20,2,0,0,3,1,0,0,txn_619,user_19,legitimate
3059.14,8.026215945533838,15,4,0,0,4,1,1,0,txn_620,user_20,fraud
185.2,5.226821364842967,6,6,1,0,1,1,0,0,txn_621,user_21,legitimate
164.33,5.107943476563253,19,5,1,0,2,1,0,0,txn_622,user_22,legitimate
299.39,5.705081630387821,22,6,1,0,1,1,0,0,txn_623,user_23,legitimate
226.89,5.42886305639468,12,2,0,0,1,1,0,0,txn_624,user_24,legitimate
191.36,5.259368616409462,16,3,0,0,2,1,0,0,txn_625,user_25,legitimate
450.18,6.111866372960278,17,4,0,0,2,1,0,0,txn_626,user_26,legitimate
316.13,5.759311784448681,22,4,0,0,1,1,0,0,txn_627,user_27,legitimate
88.32,4.492225426971957,14,5,1,0,1,1,0,0,txn_628,user_28,legitimate
3058.19,8.025905454023288,18,3,0,0,5,1,1,0,txn_629,user_29,fraud
89.46,4.504907764049697,19,0,0,0,3,1,0,0,txn_630,user_30,legitimate
218.92,5.393263843856991,10,4,0,0,1,1,0,0,txn_631,user_31,legitimate
164.03,5.106127275555476,11,3,0,0,1,1,0,0,txn_632,user_32,legitimate
254.33,5.5425568261569795,9,0,0,0,1,1,0,0,txn_633,user_33,legitimate
408.02,6.013764054602749,8,5,1,0,1,1,0,0,txn_634,user_34,legitimate
15.71,2.8160073426073025,23,4,0,1,1,1,0,0,txn_635,user_35,legitimate
42.72,3.777805663308338,21,6,1,0,2,1,0,0,txn_636,user_36,legitimate
362.0,5.8944028342648505,12,6,1,0,2,1,0,0,txn_637,user_37,legitimate
307.04,5.7302296446710494,17,2,0,0,3,1,0,0,txn_638,user_38,legitimate
16.36,2.854168709232204,6,2,0,0,3,1,0,0,txn_639,user_39,legitimate
1164.88,7.061231445662255,6,4,0,0,4,1,1,0,txn_640,user_40,fraud
494.21,6.20498191502756,8,5,1,0,1,1,0,0,txn_641,user_41,legitimate
313.45,5.750825080989513,11,6,1,0,1,1,0,0,txn_642,user_42,legitimate
109.24,4.7026598072653485,9,3,0,0,1,1,0,0,txn_643,user_43,legitimate
59.22,4.0980045230535875,22,3,0,0,3,1,0,0,txn_644,user_44,legitimate
133.56,4.902010196224638,17,2,0,0,2,1,0,0,txn_645,user_45,legitimate
392.67,5.975512994893912,16,2,0,0,2,1,0,0,txn_646,user_46,legitimate
88.61,4.495466920896128,21,6,1,0,1,1,0,0,txn_647,user_47,legitimate
257.0,5.552959584921617,10,6,1,0,2,1,0,0,txn_648,user_48,legitimate
75.72,4.340162430575183,6,5,1,0,2,1,0,0,txn_649,user_49,legitimate
344.82,5.845918408476643,6,1,0,0,1,1,0,0,txn_650,user_50,legitimate
299.25,5.704615460960093,8,5,1,0,2,1,0,0,txn_651,user_51,legitimate
4245.03,8.353739707711627,2,6,1,1,6,1,1,0,txn_652,user_52,fraud
13.1,2.6461747973841225,11,5,1,0,2,1,0,0,txn_653,user_53,legitimate
323.71,5.78293247629394,11,6,1,0,2,1,0,0,txn_654,user_54,legitimate
209.52,5.349580660485579,10,2,0,0,3,1,0,0,txn_655,user_55,legitimate
165.07,5.112409386218662,13,2,0,0,3,1,0,0,txn_656,user_56,legitimate
3496.82,8.159895196278555,19,1,0,0,4,1,1,0,txn_657,user_57,fraud
374.75,5.928924028633084,11,3,0,0,2,1,0,0,txn_658,user_58,legitimate
177.46,5.184364486472005,11,0,0,0,2,1,0,0,txn_659,user_59,legitimate
3055.5,8.02502574946878,4,4,0,1,4,1,1,0,txn_660,user_60,fraud
277.01,5.627657084266709,8,4,0,0,2,1,0,0,txn_661,user_61,legitimate
364.39,5.900965276300669,18,5,1,0,1,1,0,0,txn_662,user_62,legitimate
134.46,4.908676393786758,11,0,0,0,1,1,0,0,txn_663,user_63,legitimate
138.16,4.935624350283741,21,3,0,0,1,1,0,0,txn_664,user_64,legitimate
50.75,3.9464244321454784,7,3,0,0,2,1,0,0,txn_665,user_65,legitimate
430.4,6.067035733955056,18,4,0,0,3,1,0,0,txn_666,user_66,legitimate
333.05,5.811290682371486,13,5,1,0,3,1,0,0,txn_667,user_67,legitimate
412.93,6.025696877403717,8,0,0,0,3,1,0,0,txn_668,user_68,legitimate
256.01,5.5491149946440625,21,6,1,0,3,1,0,0,txn_669,user_69,legitimate
435.03,6.077711048321367,11,0,0,0,1,1,0,0,txn_670,user_70,legitimate
2903.88,7.974147360343308,13,0,0,0,4,1,1,0,txn_671,user_71,fraud
42.36,3.769537357131391,8,3,0,0,1,1,0,0,txn_672,user_72,legitimate
222.51,5.409456155782004,12,5,1,0,3,1,0,0,txn_673,user_73,legitimate
230.5,5.444579873526289,10,1,0,0,1,1,0,0,txn_674,user_74,legitimate
83.69,4.4389975309335075,0,4,0,1,1,1,0,0,txn_675,user_75,legitimate
126.21,4.845839264168119,11,1,0,0,3,1,0,0,txn_676,user_76,legitimate
215.71,5.3785600542242396,7,6,1,0,3,1,0,0,txn_677,user_77,legitimate
303.64,5.719130751603,12,0,0,0,3,1,0,0,txn_678,user_78,legitimate
426.45,6.057837322472243,20,5,1,0,1,1,0,0,txn_679,user_79,legitimate
189.99,5.252221070655064,16,4,0,0,1,1,0,0,txn_680,user_80,legitimate
428.65,6.062970923759232,7,6,1,0,1,1,0,0,txn_681,user_81,legitimate
318.63,5.767164076821024,6,3,0,0,3,1,0,0,txn_682,user_82,legitimate
127.93,4.859269621422746,10,0,0,0,1,1,0,0,txn_683,user_83,legitimate
296.27,5.694640816738918,9,5,1,0,3,1,0,0,txn_684,user_84,legitimate
102.72,4.641694960670463,21,6,1,0,3,1,0,0,txn_685,user_85,legitimate
218.34,5.3906230373320625,22,0,0,0,2,1,0,0,txn_686,user_86,legitimate
499.68,6.215967174459823,17,4,0,0,2,1,0,0,txn_687,user_87,legitimate
401.82,5.998489812044735,15,2,0,0,2,1,0,0,txn_688,user_88,legitimate
118.17,4.7805510451027144,17,4,0,0,1,1,0,0,txn_689,user_89,legitimate
127.92,4.859192056947237,19,1,0,0,3,1,0,0,txn_690,user_90,legitimate
410.69,6.020270638949651,21,0,0,0,1,1,0,0,txn_691,user_91,legitimate
330.14,5.802541246679465,15,6,1,0,2,1,0,0,txn_692,user_92,legitimate
450.64,6.112885402312322,4,2,0,1,2,1,0,0,txn_693,user_93,legitimate
159.42,5.077795375938779,18,3,0,0,3,1,0,0,txn_694,user_94,legitimate
46.12,3.8526975393433314,14,3,0,0,2,1,0,0,txn_695,user_95,legitimate
53.32,3.9948924832504407,17,5,1,0,1,1,0,0,txn_696,user_96,legitimate
2881.72,7.96648957186739,21,0,0,0,6,1,1,0,txn_697,user_97,fraud
11.71,2.542389085201363,15,1,0,0,3,1,0,0,txn_698,user_98,legitimate
124.78,4.834534349115358,21,1,0,0,2,1,0,0,txn_699,user_99,legitimate
394.51,5.980176071338126,14,0,0,0,2,1,0,0,txn_700,user_0,legitimate
293.41,5.684973353669147,16,4,0,0,2,1,0,0,txn_701,user_1,legitimate
356.1,5.878015854600402,12,5,1,0,1,1,0,0,txn_702,user_2,legitimate
381.73,5.947329779743404,16,5,1,0,3,1,0,0,txn_703,user_3,legitimate
10.64,2.454447442303292,12,2,0,0,2,1,0,0,txn_704,user_4,legitimate
2361.28,7.767382533338682,20,6,1,0,4,1,1,0,txn_705,user_5,fraud
50.82,3.947776175133964,14,3,0,0,1,1,0,0,txn_706,user_6,legitimate
195.63,5.281323790171466,17,1,0,0,1,1,0,0,txn_707,user_7,legitimate
462.51,6.138827959746204,15,2,0,0,1,1,0,0,txn_708,user_8,legitimate
201.4,5.310245937413311,19,1,0,0,2,1,0,0,txn_709,user_9,legitimate
103.9,4.653007515402251,16,6,1,0,1,1,0,0,txn_710,user_10,legitimate
458.95,6.131117787923166,13,3,0,0,1,1,0,0,txn_711,user_11,legitimate
217.28,5.385778642318031,11,1,0,0,3,1,0,0,txn_712,user_12,legitimate
485.68,6.187606822919248,12,2,0,0,2,1,0,0,txn_713,user_13,legitimate
428.2,6.061923010756543,0,6,1,1,1,1,0,0,txn_714,user_14,legitimate
328.5,5.797576353942562,18,6,1,0,2,1,0,0,txn_715,user_15,legitimate
143.66,4.974386161421135,10,5,1,0,3,1,0,0,txn_716,user_16,legitimate
462.82,6.139496545927063,14,1,0,0,3,1,0,0,txn_717,user_17,legitimate
297.68,5.699372766167501,9,5,1,0,3,1,0,0,txn_718,user_18,legitimate
282.87,5.648516386884432,11,6,1,0,2,1,0,0,txn_719,user_19,legitimate
4845.27,8.485964615878867,23,1,0,1,6,1,1,0,txn_720,user_20,fraud
426.0,6.056784013228625,23,4,0,1,3,1,0,0,txn_721,user_21,legitimate
4363.74,8.381313901780295,17,2,0,0,4,1,1,0,txn_722,user_22,fraud
103.76,4.651672019639511,6,2,0,0,3,1,0,0,txn_723,user_23,legitimate
69.65,4.257738109130536,22,3,0,0,1,1,0,0,txn_724,user_24,legitimate
480.36,6.176615430912096,15,6,1,0,1,1,0,0,txn_725,user_25,legitimate
470.7,6.156343190290216,16,4,0,0,2,1,0,0,txn_726,user_26,legitimate
22.94,3.1755507001298273,18,4,0,0,3,1,0,0,txn_727,user_27,legitimate
96.55,4.5803650670691205,5,4,0,1,3,1,0,0,txn_728,user_28,legitimate
313.01,5.749424832534902,21,6,1,0,1,1,0,0,txn_729,user_29,legitimate
356.59,5.879387078702536,13,3,0,0,1,1,0,0,txn_730,user_30,legitimate
447.73,6.10642137056417,11,6,1,0,3,1,0,0,txn_731,user_31,legitimate
316.96,5.761925588704912,14,3,0,0,2,1,0,0,txn_732,user_32,legitimate
428.21,6.061946309646352,14,0,0,0,3,1,0,0,txn_733,user_33,legitimate
3797.6,8.242387856778135,23,6,1,1,5,1,1,0,txn_734,user_34,fraud
311.67,5.745148321262097,11,2,0,0,1,1,0,0,txn_735,user_35,legitimate
384.0,5.953243334287785,6,5,1,0,2,1,0,0,txn_736,user_36,legitimate
218.07,5.389391313447408,21,6,1,0,2,1,0,0,txn_737,user_37,legitimate
131.6,4.887337077751762,17,0,0,0,3,1,0,0,txn_738,user_38,legitimate
115.46,4.757547866408974,14,2,0,0,1,1,0,0,txn_739,user_39,legitimate
124.1,4.829113417472866,23,1,0,1,2,1,0,0,txn_740,user_40,legitimate
164.41,5.10842724025413,17,0,0,0,1,1,0,0,txn_741,user_41,legitimate
193.88,5.272383984521532,9,5,1,0,2,1,0,0,txn_742,user_42,legitimate
255.95,5.548881513438238,12,5,1,0,2,1,0,0,txn_743,user_43,legitimate
2530.76,7.836669992041663,15,5,1,0,6,1,1,0,txn_744,user_44,fraud
77.95,4.3688147407016515,10,6,1,0,1,1,0,0,txn_745,user_45,legitimate
42.56,3.77413929806476,15,4,0,0,3,1,0,0,txn_746,user_46,legitimate
4677.55,8.450743511844925,6,5,1,0,6,1,1,0,txn_747,user_47,fraud
461.75,6.137186951453607,15,1,0,0,3,1,0,0,txn_748,user_48,legitimate
68.76,4.245060779600724,5,1,0,1,3,1,0,0,txn_749,user_49,legitimate
98.41,4.599252712224054,9,6,1,0,2,1,0,0,txn_750,user_50,legitimate
194.53,5.275713820338184,17,5,1,0,1,1,0,0,txn_751,user_51,legitimate
102.64,4.640923355693909,6,3,0,0,3,1,0,0,txn_752,user_52,legitimate
356.81,5.8800021192586875,7,1,0,0,1,1,0,0,txn_753,user_53,legitimate
340.43,5.833142679961908,5,5,1,1,3,1,0,0,txn_754,user_54,legitimate
462.62,6.139065251173547,20,0,0,0,3,1,0,0,txn_755,user_55,legitimate
228.33,5.435162014275881,15,5,1,0,3,1,0,0,txn_756,user_56,legitimate
50.12,3.9341758100692794,2,1,0,1,3,1,0,0,txn_757,user_57,legitimate
357.2,5.881091489626612,21,1,0,0,1,1,0,0,txn_758,user_58,legitimate
25.31,3.269949095052201,20,4,0,0,1,1,0,0,txn_759,user_59,legitimate
168.41,5.132321812352855,13,3,0,0,3,1,0,0,txn_760,user_60,legitimate
58.2,4.0809215418899605,2,0,0,1,3,1,0,0,txn_761,user_61,legitimate
62.35,4.148674906767148,8,5,1,0,3,1,0,0,txn_762,user_62,legitimate
61.06,4.128101659020234,13,4,0,0,1,1,0,0,txn_763,user_63,legitimate
95.45,4.569024739351738,6,4,0,0,2,1,0,0,txn_764,user_64,legitimate
398.46,5.990113635037026,18,2,0,0,2,1,0,0,txn_765,user_65,legitimate
16.52,2.8633430855082453,21,4,0,0,3,1,0,0,txn_766,user_66,legitimate
292.05,5.680343242922438,6,0,0,0,2,1,0,0,txn_767,user_67,legitimate
344.77,5.845773814135814,15,2,0,0,2,1,0,0,txn_768,user_68,legitimate
408.49,6.01491248297053,21,2,0,0,2,1,0,0,txn_769,user_69,legitimate
483.36,6.182828431886166,1,5,1,1,1,1,0,0,txn_770,user_70,legitimate
400.14,5.994310493557901,4,0,0,1,2,1,0,0,txn_771,user_71,legitimate
475.88,6.1672648869116715,21,1,0,0,1,1,0,0,txn_772,user_72,legitimate
283.35,5.6502058737528085,13,0,0,0,2,1,0,0,txn_773,user_73,legitimate
56.32,4.048649602959971,7,4,0,0,2,1,0,0,txn_774,user_74,legitimate
25.44,3.2748780149834857,7,5,1,0,3,1,0,0,txn_775,user_75,legitimate
473.63,6.162535553129082,13,4,0,0,1,1,0,0,txn_776,user_76,legitimate
394.27,5.979569075694915,11,5,1,0,1,1,0,0,txn_777,user_77,legitimate
249.82,5.524735550395904,9,0,0,0,1,1,0,0,txn_778,user_78,legitimate
4565.86,8.426581158018397,2,0,0,1,5,1,1,0,txn_779,user_79,fraud
119.14,4.788657729422015,17,3,0,0,3,1,0,0,txn_780,user_80,legitimate
411.82,6.023011662606112,11,0,0,0,3,1,0,0,txn_781,user_81,legitimate
468.82,6.1523496426256195,22,0,0,0,2,1,0,0,txn_782,user_82,legitimate
2954.38,7.99138251717317,21,2,0,0,4,1,1,0,txn_783,user_83,fraud
406.4,6.009795503792706,14,5,1,0,2,1,0,0,txn_784,user_84,legitimate
242.08,5.493390607267155,9,6,1,0,3,1,0,0,txn_785,user_85,legitimate
2847.63,7.954593455934183,11,5,1,0,5,1,1,0,txn_786,user_86,fraud
167.72,5.1282405361705194,2,1,0,1,3,1,0,0,txn_787,user_87,legitimate
4285.31,8.363181501929374,4,5,1,1,6,1,1,0,txn_788,user_88,fraud
346.38,5.850419281625866,10,2,0,0,3,1,0,0,txn_789,user_89,legitimate
423.31,6.050464320160579,3,2,0,1,2,1,0,0,txn_790,user_90,legitimate
380.92,5.94521116259052,6,3,0,0,3,1,0,0,txn_791,user_91,legitimate
477.64,6.170948749081776,4,5,1,1,1,1,0,0,txn_792,user_92,legitimate
124.09,4.82903347822665,15,5,1,0,3,1,0,0,txn_793,user_93,legitimate
136.86,4.926238677457506,11,0,0,0,2,1,0,0,txn_794,user_94,legitimate
425.82,6.056362378685825,20,2,0,0,1,1,0,0,txn_795,user_95,legitimate
234.31,5.460903793767789,15,3,0,0,3,1,0,0,txn_796,user_96,legitimate
15.89,2.826721730819709,14,3,0,0,3,1,0,0,txn_797,user_97,legitimate
107.92,4.690613667805559,8,6,1,0,1,1,0,0,txn_798,user_98,legitimate
231.54,5.449062253240462,11,6,1,0,2,1,0,0,txn_799,user_99,legitimate
456.22,6.125164675495825,18,2,0,0,2,1,0,0,txn_800,user_0,legitimate
109.01,4.700571270751344,21,5,1,0,3,1,0,0,txn_801,user_1,legitimate
294.81,5.689717356331367,22,3,0,0,1,1,0,0,txn_802,user_2,legitimate
3898.13,8.268508730309303,4,5,1,1,4,1,1,0,txn_803,user_3,fraud
53.79,4.003507695550324,11,3,0,0,1,1,0,0,txn_804,user_4,legitimate
75.77,4.3408139388398075,14,6,1,0,3,1,0,0,txn_805,user_5,legitimate
105.28,4.666077120891613,17,6,1,0,3,1,0,0,txn_806,user_6,legitimate
270.2,5.60285655606624,11,0,0,0,2,1,0,0,txn_807,user_7,legitimate
435.73,6.0793151551780085,10,4,0,0,3,1,0,0,txn_808,user_8,legitimate
157.06,5.06297470777683,19,6,1,0,1,1,0,0,txn_809,user_9,legitimate
474.33,6.164009299658822,17,5,1,0,2,1,0,0,txn_810,user_10,legitimate
464.83,6.14382076070048,11,1,0,0,2,1,0,0,txn_811,user_11,legitimate
4145.46,8.330010237154749,23,3,0,1,5,1,1,0,txn_812,user_12,fraud
1041.75,6.949616733077055,19,4,0,0,4,1,1,0,txn_813,user_13,fraud
404.93,6.006180730943663,19,6,1,0,2,1,0,0,txn_814,user_14,legitimate
361.68,5.893520902777856,6,1,0,0,2,1,0,0,txn_815,user_15,legitimate
178.43,5.189785159724575,21,1,0,0,3,1,0,0,txn_816,user_16,legitimate
461.87,6.1374462371230445,7,3,0,0,3,1,0,0,txn_817,user_17,legitimate
1346.83,7.206251170759725,12,2,0,0,6,1,1,0,txn_818,user_18,fraud
42.04,3.762129915853529,11,6,1,0,1,1,0,0,txn_819,user_19,legitimate
212.52,5.363730505096269,7,4,0,0,1,1,0,0,txn_820,user_20,legitimate
315.32,5.756754359422307,12,1,0,0,2,1,0,0,txn_821,user_21,legitimate
3084.5,8.034468997761122,4,0,0,1,5,1,1,0,txn_822,user_22,fraud
232.77,5.454337726005947,19,2,0,0,3,1,0,0,txn_823,user_23,legitimate
379.31,5.940986709618745,14,0,0,0,2,1,0,0,txn_824,user_24,legitimate
85.8,4.463606621666305,21,3,0,0,1,1,0,0,txn_825,user_25,legitimate
480.39,6.176677752387058,21,1,0,0,2,1,0,0,txn_826,user_26,legitimate
239.41,5.482345799133678,6,0,0,0,3,1,0,0,txn_827,user_27,legitimate
400.07,5.9941359756631405,23,4,0,1,1,1,0,0,txn_828,user_28,legitimate
425.96,6.056690332025689,16,1,0,0,3,1,0,0,txn_829,user_29,legitimate
275.23,5.621233852021042,7,1,0,0,3,1,0,0,txn_830,user_30,legitimate
288.31,5.667498777578954,13,3,0,0,1,1,0,0,txn_831,user_31,legitimate
373.17,5.924710239594586,15,3,0,0,1,1,0,0,txn_832,user_32,legitimate
144.04,4.977009566446595,11,2,0,0,2,1,0,0,txn_833,user_33,legitimate
300.0,5.707110264748875,6,2,0,0,1,1,0,1,txn_834,user_34,legitimate
380.52,5.944163273989969,15,1,0,0,3,1,0,0,txn_835,user_35,legitimate
232.91,5.454936425989619,15,5,1,0,3,1,0,0,txn_836,user_36,legitimate
225.23,5.421552180882665,23,6,1,1,3,1,0,0,txn_837,user_37,legitimate
159.18,5.0762981828955365,12,1,0,0,1,1,0,0,txn_838,user_38,legitimate
426.47,6.057884110475807,20,3,0,0,2,1,0,0,txn_839,user_39,legitimate
390.33,5.96955119379609,13,3,0,0,2,1,0,0,txn_840,user_40,legitimate
151.69,5.028409722195421,5,1,0,1,1,1,0,0,txn_841,user_41,legitimate
364.64,5.901649242785618,14,5,1,0,3,1,0,0,txn_842,user_42,legitimate
2355.87,7.765089746557176,21,4,0,0,6,1,1,0,txn_843,user_43,fraud
306.11,5.727205989599789,5,5,1,1,1,1,0,0,txn_844,user_44,legitimate
204.54,5.3256406621969266,5,3,0,1,1,1,0,0,txn_845,user_45,legitimate
327.07,5.793227000248627,20,5,1,0,3,1,0,0,txn_846,user_46,legitimate
380.06,5.942956843042938,17,3,0,0,3,1,0,0,txn_847,user_47,legitimate
440.54,6.090268616166562,21,3,0,0,1,1,0,0,txn_848,user_48,legitimate
351.82,5.86595801186826,20,6,1,0,1,1,0,0,txn_849,user_49,legitimate
3779.24,8.23754277866159,1,1,0,1,6,1,1,0,txn_850,user_50,fraud
1164.21,7.060656607266098,14,0,0,0,5,1,1,0,txn_851,user_51,fraud
367.48,5.909386436072375,6,0,0,0,3,1,0,0,txn_852,user_52,legitimate
438.26,6.0850914928866064,13,0,0,0,2,1,0,0,txn_853,user_53,legitimate
444.68,6.09960120571256,16,6,1,0,2,1,0,0,txn_854,user_54,legitimate
373.63,5.925938872227775,9,6,1,0,1,1,0,0,txn_855,user_55,legitimate
165.74,5.116435712982468,12,2,0,0,2,1,0,0,txn_856,user_56,legitimate
297.71,5.699473203068102,5,6,1,1,3,1,0,0,txn_857,user_57,legitimate
452.87,6.117810813424853,20,0,0,0,1,1,0,0,txn_858,user_58,legitimate
143.26,4.971617227075527,11,3,0,0,1,1,0,0,txn_859,user_59,legitimate
266.75,5.590053709327858,6,0,0,0,2,1,0,0,txn_860,user_60,legitimate
4041.92,8.304722482158331,6,4,0,0,6,1,1,0,txn_861,user_61,fraud
348.82,5.857418736478917,11,5,1,0,2,1,0,0,txn_862,user_62,legitimate
1488.25,7.306027916508797,3,4,0,1,6,1,1,0,txn_863,user_63,fraud
328.26,5.796847712219876,9,5,1,0,2,1,0,0,txn_864,user_64,legitimate
87.33,4.4810798007570405,19,5,1,0,3,1,0,0,txn_865,user_65,legitimate
2575.32,7.854117303111616,21,4,0,0,6,1,1,0,txn_866,user_66,fraud
35.26,3.590715205326705,15,6,1,0,3,1,0,0,txn_867,user_67,legitimate
88.0,4.48863636973214,11,5,1,0,2,1,0,0,txn_868,user_68,legitimate
153.99,5.04336059870896,22,5,1,0,3,1,0,0,txn_869,user_69,legitimate
86.21,4.468319003238894,13,5,1,0,1,1,0,0,txn_870,user_70,legitimate
176.54,5.179195935640173,19,1,0,0,3,1,0,0,txn_871,user_71,legitimate
60.12,4.112839144858265,14,1,0,0,2,1,0,0,txn_872,user_72,legitimate
183.61,5.218245491782478,6,4,0,0,1,1,0,0,txn_873,user_73,legitimate
275.7,5.62293388679288,1,6,1,1,3,1,0,0,txn_874,user_74,legitimate
431.94,6.070599150271709,2,3,0,1,1,1,0,0,txn_875,user_75,legitimate
443.37,6.0966575487361165,13,4,0,0,2,1,0,0,txn_876,user_76,legitimate
367.05,5.9082187985047145,8,6,1,0,3,1,0,0,txn_877,user_77,legitimate
3193.82,8.06928602719642,16,0,0,0,5,1,1,0,txn_878,user_78,fraud
28.74,3.392492941032009,9,4,0,0,3,1,0,0,txn_879,user_79,legitimate
204.76,5.326710441049254,22,5,1,0,2,1,0,0,txn_880,user_80,legitimate
198.57,5.2961650519798935,17,6,1,0,2,1,0,0,txn_881,user_81,legitimate
145.08,4.984154416846659,21,4,0,0,3,1,0,0,txn_882,user_82,legitimate
140.09,4.949397984625066,12,4,0,0,2,1,0,0,txn_883,user_83,legitimate
400.19,5.994435130552815,13,6,1,0,3,1,0,0,txn_884,user_84,legitimate
145.25,4.985317486111966,13,0,0,0,2,1,0,0,txn_885,user_85,legitimate
51.83,3.9670792111762245,6,5,1,0,1,1,0,0,txn_886,user_86,legitimate
2334.38,7.755929897761492,17,0,0,0,5,1,1,0,txn_887,user_87,fraud
274.32,5.617934057530164,6,1,0,0,2,1,0,0,txn_888,user_88,legitimate
456.7,6.126213947659596,11,1,0,0,2,1,0,0,txn_889,user_89,legitimate
126.91,4.8513268916113015,8,3,0,0,3,1,0,0,txn_890,user_90,legitimate
99.4,4.609162207257629,16,5,1,0,3,1,0,0,txn_891,user_91,legitimate
284.59,5.654557215846823,16,4,0,0,1,1,0,0,txn_892,user_92,legitimate
351.5,5.8650506222523235,9,4,0,0,3,1,0,0,txn_893,user_93,legitimate
78.82,4.379774099620588,16,5,1,0,3,1,0,0,txn_894,user_94,legitimate
226.15,5.4256105922054125,15,0,0,0,2,1,0,0,txn_895,user_95,legitimate
152.9,5.0363030408448335,18,2,0,0,2,1,0,0,txn_896,user_96,legitimate
3266.73,8.091850833227683,16,0,0,0,5,1,1,0,txn_897,user_97,fraud
286.94,5.662752125098209,13,5,1,0,1,1,0,0,txn_898,user_98,legitimate
293.29,5.684565675729068,5,3,0,1,3,1,0,0,txn_899,user_99,legitimate
344.18,5.8440660201032575,20,3,0,0,2,1,0,0,txn_900,user_0,legitimate
279.14,5.6352894782109,11,3,0,0,2,1,0,0,txn_901,user_1,legitimate
495.41,6.207402198171863,22,1,0,0,2,1,0,0,txn_902,user_2,legitimate
26.46,3.312730400339825,12,5,1,0,1,1,0,0,txn_903,user_3,legitimate
445.35,6.101103397625371,10,3,0,0,3,1,0,0,txn_904,user_4,legitimate
24.25,3.228826155721369,14,5,1,0,1,1,0,0,txn_905,user_5,legitimate
287.43,5.664452422192262,8,2,0,0,1,1,0,0,txn_906,user_6,legitimate
120.7,4.801558999993482,19,6,1,0,1,1,0,0,txn_907,user_7,legitimate
41.25,3.7436043538031827,8,0,0,0,1,1,0,0,txn_908,user_8,legitimate
197.3,5.28978103552575,5,1,0,1,1,1,0,0,txn_909,user_9,legitimate
195.76,5.281984711927139,12,0,0,0,1,1,0,0,txn_910,user_10,legitimate
270.45,5.60377796035146,16,2,0,0,3,1,0,0,txn_911,user_11,legitimate
259.36,5.562065288704186,13,3,0,0,3,1,0,0,txn_912,user_12,legitimate
254.57,5.5434963447228585,14,4,0,0,2,1,0,0,txn_913,user_13,legitimate
453.45,6.119087896564779,14,0,0,0,2,1,0,0,txn_914,user_14,legitimate
26.43,3.311637304949512,5,4,0,1,1,1,0,0,txn_915,user_15,legitimate
313.53,5.751079461098359,4,6,1,1,3,1,0,0,txn_916,user_16,legitimate
190.62,5.255514244222727,23,1,0,1,3,1,0,0,txn_917,user_17,legitimate
422.56,6.0486951805622535,22,5,1,0,1,1,0,0,txn_918,user_18,legitimate
66.01,4.20484186198508,6,6,1,0,1,1,0,0,txn_919,user_19,legitimate
418.98,6.040207091095972,16,3,0,0,1,1,0,0,txn_920,user_20,legitimate
469.17,6.153094331433318,5,3,0,1,3,1,0,0,txn_921,user_21,legitimate
148.13,5.004818408774691,10,4,0,0,1,1,0,0,txn_922,user_22,legitimate
492.39,6.201299936358453,12,4,0,0,1,1,0,0,txn_923,user_23,legitimate
405.55,6.007706922653846,13,6,1,0,2,1,0,0,txn_924,user_24,legitimate
101.14,4.626344421219498,13,6,1,0,3,1,0,0,txn_925,user_25,legitimate
247.23,5.5143557357322,17,4,0,0,3,1,0,0,txn_926,user_26,legitimate
287.16,5.663515881427646,6,2,0,0,1,1,0,0,txn_927,user_27,legitimate
2550.59,7.844471973250542,18,0,0,0,6,1,1,0,txn_928,user_28,fraud
150.43,5.020123471968565,6,2,0,0,1,1,0,0,txn_929,user_29,legitimate
4361.8,8.380869332054587,13,6,1,0,6,1,1,0,txn_930,user_30,fraud
363.28,5.897922802699617,15,4,0,0,3,1,0,0,txn_931,user_31,legitimate
3151.05,8.055808313796117,4,1,0,1,6,1,1,0,txn_932,user_32,fraud
474.21,6.163756811598062,23,5,1,1,3,1,0,0,txn_933,user_33,legitimate
326.2,5.790571604728592,13,5,1,0,3,1,0,0,txn_934,user_34,legitimate
380.46,5.944005995948281,11,5,1,0,1,1,0,0,txn_935,user_35,legitimate
4981.29,8.513644903682412,18,4,0,0,4,1,1,0,txn_936,user_36,fraud
374.08,5.927139336551424,16,4,0,0,1,1,0,0,txn_937,user_37,legitimate
446.65,6.104011677080165,6,2,0,0,1,1,0,0,txn_938,user_38,legitimate
86.95,4.476768471183568,21,0,0,0,2,1,0,0,txn_939,user_39,legitimate
51.88,3.9680251955434307,19,4,0,0,1,1,0,0,txn_940,user_40,legitimate
200.72,5.306880597208525,6,4,0,0,2,1,0,0,txn_941,user_41,legitimate
481.29,6.178545592876976,12,5,1,0,1,1,0,0,txn_942,user_42,legitimate
191.63,5.2607712504740665,6,2,0,0,2,1,0,0,txn_943,user_43,legitimate
98.46,4.599755553286593,13,3,0,0,3,1,0,0,txn_944,user_44,legitimate
357.06,5.880700570123127,8,2,0,0,2,1,0,0,txn_945,user_45,legitimate
96.09,4.575638383382054,14,5,1,0,2,1,0,0,txn_946,user_46,legitimate
247.11,5.513872196213571,15,5,1,0,1,1,0,0,txn_947,user_47,legitimate
341.22,5.835453805103825,7,5,1,0,1,1,0,0,txn_948,user_48,legitimate
108.69,4.6976582054232425,17,1,0,0,2,1,0,0,txn_949,user_49,legitimate
223.78,5.415122146090121,10,4,0,0,3,1,0,0,txn_950,user_50,legitimate
297.63,5.699205348913088,22,5,1,0,2,1,0,0,txn_951,user_51,legitimate
218.3,5.390440655423842,4,5,1,1,3,1,0,0,txn_952,user_52,legitimate
335.84,5.819608040161792,11,2,0,0,3,1,0,0,txn_953,user_53,legitimate
326.59,5.791762826482491,6,0,0,0,3,1,0,0,txn_954,user_54,legitimate
221.96,5.406992383173693,19,6,1,0,1,1,0,0,txn_955,user_55,legitimate
183.14,5.2156963378597,23,0,0,1,3,1,0,0,txn_956,user_56,legitimate
483.05,6.182188207166081,17,6,1,0,2,1,0,0,txn_957,user_57,legitimate
244.93,5.505046942593991,6,2,0,0,3,1,0,0,txn_958,user_58,legitimate
238.39,5.478094021157034,15,4,0,0,3,1,0,0,txn_959,user_59,legitimate
173.92,5.16432872654472,16,4,0,0,1,1,0,0,txn_960,user_60,legitimate
72.5,4.297285406218791,23,4,0,1,3,1,0,0,txn_961,user_61,legitimate
450.26,6.112043670066367,11,4,0,0,1,1,0,0,txn_962,user_62,legitimate
89.45,4.504797211841304,16,6,1,0,1,1,0,0,txn_963,user_63,legitimate
4917.24,8.500706021910776,15,6,1,0,4,1,1,0,txn_964,user_64,fraud
443.29,6.096477502373692,19,0,0,0,1,1,0,0,txn_965,user_65,legitimate
450.3,6.112132306832955,15,3,0,0,2,1,0,0,txn_966,user_66,legitimate
179.18,5.193956351223294,6,0,0,0,2,1,0,0,txn_967,user_67,legitimate
127.43,4.855384008824965,16,1,0,0,1,1,0,0,txn_968,user_68,legitimate
467.67,6.149898896052741,8,2,0,0,1,1,0,0,txn_969,user_69,legitimate
338.51,5.82750340164596,11,6,1,0,1,1,0,0,txn_970,user_70,legitimate
210.19,5.352758202226283,20,5,1,0,2,1,0,0,txn_971,user_71,legitimate
205.51,5.3303488373787005,11,1,0,0,3,1,0,0,txn_972,user_72,legitimate
470.22,6.155325076258353,8,6,1,0,2,1,0,0,txn_973,user_73,legitimate
381.6,5.946990057006152,3,1,0,1,3,1,0,0,txn_974,user_74,legitimate
317.62,5.763999170144749,23,4,0,1,2,1,0,0,txn_975,user_75,legitimate
275.66,5.62278931544667,16,4,0,0,2,1,0,0,txn_976,user_76,legitimate
483.16,6.182415430599991,18,5,1,0,2,1,0,0,txn_977,user_77,legitimate
3282.31,8.096607338873788,7,5,1,0,4,1,1,0,txn_978,user_78,fraud
346.78,5.851570095953923,4,0,0,1,3,1,0,0,txn_979,user_79,legitimate
143.17,4.970993158823812,11,5,1,0,1,1,0,0,txn_980,user_80,legitimate
477.4,6.170447202636422,21,4,0,0,2,1,0,0,txn_981,user_81,legitimate
109.08,4.701207374185033,6,2,0,0,1,1,0,0,txn_982,user_82,legitimate
129.41,4.8706833336688105,12,5,1,0,1,1,0,0,txn_983,user_83,legitimate
13.0,2.6390573296152584,22,1,0,0,3,1,0,0,txn_984,user_84,legitimate
65.67,4.199755076629969,20,0,0,0,1,1,0,0,txn_985,user_85,legitimate
176.83,5.180828037755569,21,5,1,0,3,1,0,0,txn_986,user_86,legitimate
334.29,5.814995828989263,22,0,0,0,1,1,0,0,txn_987,user_87,legitimate
3435.98,8.142348457804681,5,2,0,1,5,1,1,0,txn_988,user_88,fraud
172.4,5.155601064346442,8,0,0,0,1,1,0,0,txn_989,user_89,legitimate
162.45,5.09650713317022,11,5,1,0,3,1,0,0,txn_990,user_90,legitimate
438.63,6.085933464059013,19,6,1,0,3,1,0,0,txn_991,user_91,legitimate
12.46,2.599722324216582,7,4,0,0,3,1,0,0,txn_992,user_92,legitimate
40.12,3.7164946211469094,23,0,0,1,2,1,0,0,txn_993,user_93,legitimate
3155.66,8.057269785577367,12,2,0,0,5,1,1,0,txn_994,user_94,fraud
189.85,5.251487779191239,1,6,1,1,2,1,0,0,txn_995,user_95,legitimate
200.17,5.30415032174048,17,5,1,0,2,1,0,0,txn_996,user_96,legitimate
220.87,5.402091624764491,1,5,1,1,2,1,0,0,txn_997,user_97,legitimate
119.76,4.793805104838638,11,6,1,0,2,1,0,0,txn_998,user_98,legitimate
4516.62,8.415740585478277,4,3,0,1,6,1,1,0,txn_999,user_99,fraud
